IP Address,Status,Response Time (ms),Info
20.0.0.53,Active,1144.1,N/A
20.0.0.54,Active,2069.1,N/A
20.0.0.73,Active,2032.2,N/A
20.0.0.61,Down,Timeout,N/A
20.0.0.58,Down,Timeout,N/A
20.0.0.57,Down,Timeout,N/A
20.0.0.63,Down,Timeout,N/A
20.0.0.67,Down,Timeout,N/A
20.0.0.135,Down,Timeout,N/A
20.0.0.148,Down,Timeout,N/A
20.0.0.68,Down,Timeout,N/A
20.0.0.151,Down,Timeout,N/A
20.0.0.55,Down,Timeout,N/A
20.0.0.106,Down,Timeout,N/A
20.0.0.130,Down,Timeout,N/A
20.0.0.119,Down,Timeout,N/A
20.0.0.56,Down,Timeout,N/A
20.0.0.138,Down,Timeout,N/A
20.0.0.71,Down,Timeout,N/A
20.0.0.94,Down,Timeout,N/A
20.0.0.82,Down,Timeout,N/A
20.0.0.100,Down,Timeout,N/A
20.0.0.69,Down,Timeout,N/A
20.0.0.103,Down,Timeout,N/A
20.0.0.76,Down,Timeout,N/A
20.0.0.114,Down,Timeout,N/A
20.0.0.152,Down,Timeout,N/A
20.0.0.104,Down,Timeout,N/A
20.0.0.145,Down,Timeout,N/A
20.0.0.113,Down,Timeout,N/A
20.0.0.64,Down,Timeout,N/A
20.0.0.98,Down,Timeout,N/A
20.0.0.128,Down,Timeout,N/A
20.0.0.59,Down,Timeout,N/A
20.0.0.144,Down,Timeout,N/A
20.0.0.147,Down,Timeout,N/A
20.0.0.111,Down,Timeout,N/A
20.0.0.129,Down,Timeout,N/A
20.0.0.78,Down,Timeout,N/A
20.0.0.140,Down,Timeout,N/A
20.0.0.60,Down,Timeout,N/A
20.0.0.72,Down,Timeout,N/A
20.0.0.110,Down,Timeout,N/A
20.0.0.93,Down,Timeout,N/A
20.0.0.70,Down,Timeout,N/A
20.0.0.112,Down,Timeout,N/A
20.0.0.102,Down,Timeout,N/A
20.0.0.126,Down,Timeout,N/A
20.0.0.90,Down,Timeout,N/A
20.0.0.66,Down,Timeout,N/A
20.0.0.99,Down,Timeout,N/A
20.0.0.75,Down,Timeout,N/A
20.0.0.116,Down,Timeout,N/A
20.0.0.92,Down,Timeout,N/A
20.0.0.74,Down,Timeout,N/A
20.0.0.149,Down,Timeout,N/A
20.0.0.142,Down,Timeout,N/A
20.0.0.127,Down,Timeout,N/A
20.0.0.122,Down,Timeout,N/A
20.0.0.83,Down,Timeout,N/A
20.0.0.81,Down,Timeout,N/A
20.0.0.89,Down,Timeout,N/A
20.0.0.101,Down,Timeout,N/A
20.0.0.79,Down,Timeout,N/A
20.0.0.65,Down,Timeout,N/A
20.0.0.117,Down,Timeout,N/A
20.0.0.77,Down,Timeout,N/A
20.0.0.143,Down,Timeout,N/A
20.0.0.96,Down,Timeout,N/A
20.0.0.107,Down,Timeout,N/A
20.0.0.131,Down,Timeout,N/A
20.0.0.132,Down,Timeout,N/A
20.0.0.80,Down,Timeout,N/A
20.0.0.109,Down,Timeout,N/A
20.0.0.133,Down,Timeout,N/A
20.0.0.136,Down,Timeout,N/A
20.0.0.120,Down,Timeout,N/A
20.0.0.105,Down,Timeout,N/A
20.0.0.121,Down,Timeout,N/A
20.0.0.85,Down,Timeout,N/A
20.0.0.150,Down,Timeout,N/A
20.0.0.134,Down,Timeout,N/A
20.0.0.108,Down,Timeout,N/A
20.0.0.125,Down,Timeout,N/A
20.0.0.91,Down,Timeout,N/A
20.0.0.124,Down,Timeout,N/A
20.0.0.62,Down,Timeout,N/A
20.0.0.141,Down,Timeout,N/A
20.0.0.139,Down,Timeout,N/A
20.0.0.115,Down,Timeout,N/A
20.0.0.97,Down,Timeout,N/A
20.0.0.123,Down,Timeout,N/A
20.0.0.137,Down,Timeout,N/A
20.0.0.95,Down,Timeout,N/A
20.0.0.86,Down,Timeout,N/A
20.0.0.88,Down,Timeout,N/A
20.0.0.84,Down,Timeout,N/A
20.0.0.118,Down,Timeout,N/A
20.0.0.146,Down,Timeout,N/A
20.0.0.87,Down,Timeout,N/A
20.0.0.154,Down,Timeout,N/A
20.0.0.158,Down,Timeout,N/A
20.0.0.155,Down,Timeout,N/A
20.0.0.156,Down,Timeout,N/A
20.0.0.159,Down,Timeout,N/A
20.0.0.162,Down,Timeout,N/A
20.0.0.160,Down,Timeout,N/A
20.0.0.157,Down,Timeout,N/A
20.0.0.153,Down,Timeout,N/A
20.0.0.161,Down,Timeout,N/A
20.0.0.220,Active,1221.9,N/A
20.0.0.253,Active,1200.9,N/A
20.0.0.179,Down,Timeout,N/A
20.0.0.172,Down,Timeout,N/A
20.0.0.170,Down,Timeout,N/A
20.0.0.164,Down,Timeout,N/A
20.0.0.169,Down,Timeout,N/A
20.0.0.174,Down,Timeout,N/A
20.0.0.182,Down,Timeout,N/A
20.0.0.175,Down,Timeout,N/A
20.0.0.180,Down,Timeout,N/A
20.0.0.177,Down,Timeout,N/A
20.0.0.166,Down,Timeout,N/A
20.0.0.178,Down,Timeout,N/A
20.0.0.165,Down,Timeout,N/A
20.0.0.167,Down,Timeout,N/A
20.0.0.173,Down,Timeout,N/A
20.0.0.181,Down,Timeout,N/A
20.0.0.163,Down,Timeout,N/A
20.0.0.171,Down,Timeout,N/A
20.0.0.168,Down,Timeout,N/A
20.0.0.176,Down,Timeout,N/A
20.0.0.187,Down,Timeout,N/A
20.0.0.195,Down,Timeout,N/A
20.0.0.192,Down,Timeout,N/A
20.0.0.188,Down,Timeout,N/A
20.0.0.211,Down,Timeout,N/A
20.0.0.226,Down,Timeout,N/A
20.0.0.202,Down,Timeout,N/A
20.0.0.200,Down,Timeout,N/A
20.0.0.207,Down,Timeout,N/A
20.0.0.206,Down,Timeout,N/A
20.0.0.193,Down,Timeout,N/A
20.0.0.186,Down,Timeout,N/A
20.0.0.199,Down,Timeout,N/A
20.0.0.223,Down,Timeout,N/A
20.0.0.194,Down,Timeout,N/A
20.0.0.212,Down,Timeout,N/A
20.0.0.216,Down,Timeout,N/A
20.0.0.205,Down,Timeout,N/A
20.0.0.197,Down,Timeout,N/A
20.0.0.244,Down,Timeout,N/A
20.0.0.239,Down,Timeout,N/A
20.0.0.250,Down,Timeout,N/A
20.0.0.201,Down,Timeout,N/A
20.0.0.189,Down,Timeout,N/A
20.0.0.183,Down,Timeout,N/A
20.0.0.217,Down,Timeout,N/A
20.0.0.245,Down,Timeout,N/A
20.0.0.235,Down,Timeout,N/A
20.0.0.230,Down,Timeout,N/A
20.0.0.196,Down,Timeout,N/A
20.0.0.246,Down,Timeout,N/A
20.0.0.237,Down,Timeout,N/A
20.0.0.184,Down,Timeout,N/A
20.0.0.190,Down,Timeout,N/A
20.0.0.208,Down,Timeout,N/A
20.0.0.219,Down,Timeout,N/A
20.0.0.243,Down,Timeout,N/A
20.0.0.198,Down,Timeout,N/A
20.0.0.225,Down,Timeout,N/A
20.0.0.218,Down,Timeout,N/A
20.0.0.234,Down,Timeout,N/A
20.0.0.191,Down,Timeout,N/A
20.0.0.185,Down,Timeout,N/A
20.0.0.203,Down,Timeout,N/A
20.0.0.251,Down,Timeout,N/A
20.0.0.247,Down,Timeout,N/A
20.0.0.214,Down,Timeout,N/A
20.0.0.213,Down,Timeout,N/A
20.0.0.204,Down,Timeout,N/A
20.0.0.233,Down,Timeout,N/A
20.0.0.231,Down,Timeout,N/A
20.0.0.238,Down,Timeout,N/A
20.0.0.224,Down,Timeout,N/A
20.0.0.236,Down,Timeout,N/A
20.0.0.215,Down,Timeout,N/A
20.0.0.227,Down,Timeout,N/A
20.0.0.222,Down,Timeout,N/A
20.0.0.241,Down,Timeout,N/A
20.0.0.232,Down,Timeout,N/A
20.0.0.228,Down,Timeout,N/A
20.0.0.249,Down,Timeout,N/A
20.0.0.229,Down,Timeout,N/A
20.0.0.221,Down,Timeout,N/A
20.0.0.240,Down,Timeout,N/A
20.0.0.242,Down,Timeout,N/A
20.0.0.248,Down,Timeout,N/A
20.0.0.209,Down,Timeout,N/A
20.0.0.210,Down,Timeout,N/A
20.0.0.252,Down,Timeout,N/A
